MC 4061,,MC 4061,,AHS 1689
MC 1085,,MC 1085,,AHS 3683
STC 0020,,STC 0020,,AHS 3686
DC 1351,,DC 1351,,AHS 3688
,,STC 0040,,AHS 3689
,,MC 4020,,AL 105
,,MC 2054,,AL 113
STC 0040,,MC 2054,,AL 116
MC 4020,,QNC 1502,,AL 124
MC 2054,,MC 4020,,AL 208
MC 2054,,AHS 1689,,AL 209
QNC 1502,,MC 2066,,AL 210
MC 4020,,MC 2066,,AL 211
AHS 1689,,STC 0040,,AL 6
MC 2066,,STC 0040,,ARC 1001
MC 2066,,MC 1085,,ARC 1006
STC 0040,,STC 0060,,ARC 1101
STC 0040,,STC 0020,,ARC 2026
MC 1085,,MC 2065,,ARC 3102
STC 0060,,MC 2038,,B1 271
STC 0020,,MC 2038,,B1 370
MC 2065,,HH 1101,,B2 151
MC 2038,,HH 1108,,B2 351
MC 2038,,HH 1101,,BMH 1005
HH 1101,,HH 1108,,BMH 1016
HH 1108,,EV3 4408,,BMH 2703
HH 1101,,EV3 4408,,C2 273
HH 1108,,EV3 4408,,CGR 1208
EV3 4408,,EV3 4412,,CPH 1333
EV3 4408,,EV3 4412,,CPH 1346
EV3 4408,,PAS 1229,,CPH 3623
EV3 4412,,AL 124,,CPH 3679
EV3 4412,,EV3 4408,,CPH 3681
PAS 1229,,HH 2107,,CPH 4333
AL 124,,HH 2107,,CPH 4335
EV3 4408,,HH 1102,,DC 1351
HH 2107,,HH 1102,,DC 3702
HH 2107,,HH 1102,,DWE 1407
HH 1102,,HH 1102,,DWE 1427
HH 1102,,HH 1102,,DWE 1501
HH 1102,,HH 334,,DWE 1502
HH 1102,,HH 334,,DWE 1513
HH 1102,,HH 1101,,DWE 1518
HH 334,,HH 1101,,DWE 2402
HH 334,,HH 280,,DWE 2527
HH 1101,,HH 280,,DWE 2529
HH 1101,,HH 280,,DWE 3516
HH 280,,HH 280,,DWE 3518
HH 280,,HH 280,,DWE 3522
HH 280,,HH 280,,DWE 3522A
HH 280,,HH 280,,E2 1310
HH 280,,HH 280,,E2 2356
HH 280,,HH 1104,,E2 2356A
HH 280,,HH 1104,,E2 2363
HH 280,,HH 1102,,E2 2364
HH 1104,,HH 1104,,E2 3344
HH 1104,,HH 1104,,E2 3346
HH 1102,,HH 1102,,E2 3347
HH 1104,,HH 1106,,E3 2103
HH 1104,,HH 1106,,E3 2119
HH 1102,,HH 1106,,E3 3164
HH 1106,,HH 1106,,E5 3101
HH 1106,,DWE 3522,,E5 3102
HH 1106,,DWE 3522,,E5 6004
HH 1106,,HH 1106,,E5 6005
DWE 3522,,HH 1106,,E5 6006
DWE 3522,,HH 1106,,E5 6008
HH 1106,,HH 1106,,E6 2024
HH 1106,,PAS 1229,,E6 4022
HH 1106,,PAS 1229,,ECH 1205
HH 1106,,HH 2104,,ECH 1218
PAS 1229,,HH 2104,,ECH 1224A
PAS 1229,,HH 1106,,ECH 1230
HH 2104,,HH 1106,,EIT 1009
HH 2104,,HH 2107,,EIT 1013
HH 1106,,HH 1102,,EIT 1015
HH 1106,,HH 280,,EIT 3145
HH 2107,,HH 1102,,ESC 149
HH 1102,,HH 1102,,EV1 131
HH 280,,HH 1108,,EV1 132
HH 1102,,HH 1108,,EV1 134
HH 1102,,HH 1108,,EV1 240
HH 1108,,HH 1104,,EV1 350
HH 1108,,HH 1104,,EV2 1002A
HH 1108,,HH 1104,,EV2 2002
HH 1104,,HH 1104,,EV3 1408
HH 1104,,HH 1104,,EV3 3406
HH 1104,,HH 2104,,EV3 3412
HH 1104,,HH 1108,,EV3 4408
HH 1104,,HH 1106,,EV3 4412
HH 2104,,HH 1106,,HH 1101
HH 1108,,HH 2107,,HH 1102
HH 1106,,HH 123,,HH 1104
HH 1106,,HH 124,,HH 1106
HH 2107,,HH 344,,HH 1108
HH 123,,HH 2107,,HH 119
HH 124,,PAS 1229,,HH 123
HH 344,,HH 1106,,HH 124
HH 2107,,HH 1106,,HH 138
,,HH 1108,,HH 139
,,HH 1108,,HH 150
PAS 1229,,HH 1108,,HH 180
HH 1106,,HH 1108,,HH 2104
HH 1106,,HH 1106,,HH 2107
HH 1108,,HH 1108,,HH 227
HH 1108,,HH 1108,,HH 259
HH 1108,,MC 4040,,HH 280
HH 1108,,MC 4058,,HH 334
HH 1106,,MC 4020,,HH 336
HH 1108,,RCH 101,,HH 344
HH 1108,,RCH 103,,IHB 2018
MC 4040,,RCH 103,,M3 1006
MC 4058,,MC 2034,,MC 1056
MC 4020,,MC 4040,,MC 1085
RCH 101,,RCH 206,,MC 2017
RCH 103,,ML 349,,MC 2034
RCH 103,,PAS 1241,,MC 2035
MC 2034,,HH 150,,MC 2038
MC 4040,,ML 354,,MC 2054
RCH 206,,HH 150,,MC 2065
ML 349,,QNC 1502,,MC 2066
PAS 1241,,QNC 1502,,MC 3003
HH 150,,EV3 1408,,MC 4020
ML 354,,HH 2107,,MC 4021
HH 150,,HH 1102,,MC 4040
QNC 1502,,ARC 1001,,MC 4041
QNC 1502,,ARC 1001,,MC 4042
EV3 1408,,ARC 1001,,MC 4045
HH 2107,,ARC 1101,,MC 4058
HH 1102,,RCH 207,,MC 4059
ARC 1001,,ARC 2026,,MC 4060
ARC 1001,,ARC 1101,,MC 4061
ARC 1001,,ARC 3102,,MC 4061
ARC 1101,,ARC 3102,,MC 4063
RCH 207,,ARC 1006,,MC 4064
ARC 2026,,ARC 1101,,MC 6486
ARC 1101,,ARC 1101,,ML 113
ARC 3102,,ARC 3102,,ML 117
ARC 3102,,ARC 3102,,ML 246
,,ARC 3102,,ML 311
,,EV3 4412,,ML 349
,,DWE 1502,,ML 354
,,EV3 3412,,OPT 309
,,QNC 2501,,OPT 347
,,HH 1102,,PAS 1229
,,QNC 2502,,PAS 1241
,,PHY 313,,PAS 2083
ARC 1006,,B2 151,,PAS 2084
ARC 1101,,B2 151,,PAS 2085
,,STC 4018,,PAS 2086
ARC 1101,,STC 4018,,PAS 2259
ARC 3102,,STC 1012,,PAS 4032
ARC 3102,,RCH 204,,PHR 1004
ARC 3102,,RCH 207,,PHR 1008
,,PHY 313,,PHR 2019
,,PHY 313,,PHR 3026
,,RCH 308,,PHY 235
EV3 4412,,RCH 309,,PHY 309A
DWE 1502,,STC 3019,,PHY 309J
EV3 3412,,STC 3019,,PHY 313
QNC 2501,,STC 3019,,PHY 318
HH 1102,,B1 271,,PHY 321
QNC 2502,,STC 3029,,QNC 1502
PHY 313,,STC 3029,,QNC 1506
B2 151,,STC 3029,,QNC 1507
B2 151,,STC 3029,,QNC 2501
STC 4018,,STC 3029,,QNC 2502
STC 4018,,STC 3029,,QNC 2611
STC 1012,,STC 1012,,RCH 101
RCH 204,,STC 4008,,RCH 103
RCH 207,,STC 4008,,RCH 105
PHY 313,,STC 4008,,RCH 108
PHY 313,,STC 0010,,RCH 110
RCH 308,,M3 1006,,RCH 112
RCH 309,,STC 0020,,RCH 204
STC 3019,,STC 0060,,RCH 205
STC 3019,,STC 0060,,RCH 206
STC 3019,,B2 351,,RCH 207
B1 271,,B2 351,,RCH 208
STC 3029,,B2 351,,RCH 209
STC 3029,,B2 351,,RCH 211
STC 3029,,E5 6004,,RCH 301
STC 3029,,E5 6004,,RCH 302
STC 3029,,E5 6004,,RCH 305
STC 3029,,E5 6004,,RCH 306
STC 1012,,E5 6004,,RCH 307
STC 4008,,E5 6004,,RCH 308
STC 4008,,E5 6004,,RCH 309
STC 4008,,E5 6004,,REN 0104
STC 0010,,E5 6004,,REN 0402
M3 1006,,E5 6004,,REN 0403
STC 0020,,AHS 3683,,REN 1918
STC 0060,,AHS 3683,,REN 2102
STC 0060,,AHS 3683,,REN 2104
B2 351,,AHS 3683,,REN 2106
B2 351,,AHS 3683,,REN 2107
B2 351,,STC 4009,,REN 2918
B2 351,,STC 4009,,STC 0010
E5 6004,,STC 4009,,STC 0020
E5 6004,,STC 4009,,STC 0040
E5 6004,,AHS 3683,,STC 0050
E5 6004,,AHS 3683,,STC 0060
E5 6004,,AHS 3683,,STC 1012
E5 6004,,AHS 3683,,STC 3018
E5 6004,,AHS 3683,,STC 3019
E5 6004,,STC 4009,,STC 3028
E5 6004,,STC 4009,,STC 3029
E5 6004,,STC 4009,,STC 4008
AHS 3683,,STC 4009,,STC 4009
AHS 3683,,E5 6004,,STC 4018
AHS 3683,,E5 6004,,STC 4019
AHS 3683,,E5 6004,,STC 5002
AHS 3683,,E5 6005,,STP 105
STC 4009,,E5 6005,,STP 164
STC 4009,,RCH 309,,STP 201
STC 4009,,RCH 309,,
STC 4009,,RCH 309,,
AHS 3683,,RCH 309,,
AHS 3683,,RCH 309,,
AHS 3683,,RCH 309,,
AHS 3683,,RCH 309,,
AHS 3683,,DWE 1518,,
STC 4009,,DWE 1518,,
STC 4009,,DWE 1518,,
STC 4009,,DWE 1518,,
STC 4009,,RCH 309,,
E5 6004,,PHY 235,,
E5 6004,,RCH 305,,
E5 6004,,RCH 305,,
E5 6005,,RCH 305,,
E5 6005,,RCH 305,,
RCH 309,,RCH 305,,
RCH 309,,RCH 305,,
RCH 309,,RCH 211,,
RCH 309,,RCH 309,,
RCH 309,,RCH 309,,
RCH 309,,RCH 309,,
RCH 309,,RCH 309,,
DWE 1518,,RCH 309,,
DWE 1518,,CPH 1346,,
,,RCH 309,,
,,RCH 309,,
DWE 1518,,RCH 309,,
DWE 1518,,RCH 309,,
,,RCH 309,,
,,RCH 309,,
RCH 309,,RCH 309,,
PHY 235,,E6 2024,,
RCH 305,,RCH 305,,
RCH 305,,E6 2024,,
RCH 305,,E6 2024,,
RCH 305,,E6 2024,,
RCH 305,,MC 1056,,
RCH 305,,MC 1056,,
RCH 211,,E6 2024,,
RCH 309,,E6 2024,,
RCH 309,,E6 2024,,
RCH 309,,DWE 2529,,
RCH 309,,DWE 2529,,
RCH 309,,E6 2024,,
CPH 1346,,E6 4022,,
RCH 309,,DWE 2529,,
RCH 309,,DWE 2529,,
RCH 309,,E6 4022,,
RCH 309,,E6 2024,,
RCH 309,,E6 2024,,
RCH 309,,DWE 2529,,
RCH 309,,DWE 2529,,
E6 2024,,DWE 2529,,
RCH 305,,E6 2024,,
E6 2024,,E6 2024,,
E6 2024,,E6 2024,,
E6 2024,,DWE 2529,,
MC 1056,,DWE 2529,,
MC 1056,,DWE 2529,,
E6 2024,,E6 2024,,
E6 2024,,E6 2024,,
E6 2024,,E6 2024,,
DWE 2529,,DWE 2529,,
DWE 2529,,DWE 2529,,
E6 2024,,E6 2024,,
E6 4022,,DWE 1513,,
DWE 2529,,DWE 1513,,
DWE 2529,,STC 0050,,
E6 4022,,STC 0050,,
E6 2024,,STC 4019,,
E6 2024,,B1 370,,
DWE 2529,,B1 370,,
DWE 2529,,B1 370,,
DWE 2529,,B1 370,,
E6 2024,,B1 370,,
E6 2024,,B1 370,,
E6 2024,,B1 370,,
DWE 2529,,B1 370,,
DWE 2529,,MC 1085,,
DWE 2529,,STC 0020,,
E6 2024,,MC 4041,,
E6 2024,,MC 4058,,
E6 2024,,C2 273,,
DWE 2529,,C2 273,,
DWE 2529,,C2 273,,
E6 2024,,C2 273,,
DWE 1513,,MC 2054,,
DWE 1513,,MC 2054,,
STC 0050,,B1 271,,
STC 0050,,B1 271,,
STC 4019,,ESC 149,,
B1 370,,ESC 149,,
B1 370,,ESC 149,,
B1 370,,ESC 149,,
B1 370,,ESC 149,,
B1 370,,ESC 149,,
B1 370,,ESC 149,,
B1 370,,ESC 149,,
B1 370,,ESC 149,,
MC 1085,,ESC 149,,
STC 0020,,ESC 149,,
MC 4041,,ESC 149,,
MC 4058,,ESC 149,,
C2 273,,ESC 149,,
C2 273,,ESC 149,,
C2 273,,ESC 149,,
C2 273,,ESC 149,,
MC 2054,,ESC 149,,
MC 2054,,DC 1351,,
B1 271,,STC 0050,,
B1 271,,STC 0050,,
ESC 149,,STC 0020,,
ESC 149,,STC 0020,,
ESC 149,,STC 5002,,
ESC 149,,STC 5002,,
ESC 149,,REN 2104,,
ESC 149,,REN 0104,,
ESC 149,,REN 0104,,
ESC 149,,REN 2104,,
ESC 149,,REN 2104,,
ESC 149,,RCH 307,,
ESC 149,,RCH 307,,
ESC 149,,RCH 307,,
ESC 149,,RCH 307,,
ESC 149,,RCH 307,,
ESC 149,,RCH 307,,
ESC 149,,RCH 307,,
ESC 149,,RCH 307,,
ESC 149,,RCH 307,,
DC 1351,,RCH 307,,
STC 0050,,RCH 307,,
STC 0050,,RCH 307,,
STC 0020,,RCH 307,,
STC 0020,,CPH 1346,,
STC 5002,,CPH 1346,,
STC 5002,,CPH 1346,,
REN 2104,,CPH 1346,,
REN 0104,,EIT 1015,,
REN 0104,,EIT 1015,,
REN 2104,,EIT 1015,,
REN 2104,,EIT 1015,,
RCH 307,,EIT 1015,,
RCH 307,,EIT 1015,,
RCH 307,,EIT 1015,,
RCH 307,,EIT 1015,,
RCH 307,,MC 1085,,
RCH 307,,E3 2103,,
RCH 307,,E3 2103,,
RCH 307,,E3 2103,,
RCH 307,,MC 1085,,
RCH 307,,RCH 112,,
RCH 307,,RCH 112,,
RCH 307,,DWE 1427,,
RCH 307,,DWE 1427,,
CPH 1346,,DWE 1427,,
CPH 1346,,DWE 1427,,
CPH 1346,,DWE 1427,,
CPH 1346,,DWE 1427,,
EIT 1015,,DWE 1427,,
EIT 1015,,RCH 101,,
EIT 1015,,DC 1351,,
EIT 1015,,EIT 1015,,
EIT 1015,,MC 4063,,
EIT 1015,,MC 4058,,
EIT 1015,,QNC 2501,,
EIT 1015,,QNC 1507,,
MC 1085,,QNC 1502,,
E3 2103,,QNC 1502,,
E3 2103,,RCH 305,,
E3 2103,,RCH 305,,
MC 1085,,RCH 204,,
RCH 112,,QNC 2501,,
RCH 112,,EV3 1408,,
DWE 1427,,QNC 2501,,
DWE 1427,,QNC 2501,,
DWE 1427,,RCH 301,,
DWE 1427,,CPH 3679,,
DWE 1427,,EIT 1015,,
DWE 1427,,RCH 211,,
DWE 1427,,MC 2054,,
RCH 101,,RCH 209,,
DC 1351,,RCH 208,,
EIT 1015,,AL 116,,
,,PAS 1241,,
MC 4063,,STC 0050,,
,,STC 0020,,
MC 4058,,MC 4064,,
,,STC 0040,,
QNC 2501,,MC 4058,,
QNC 1507,,AL 211,,
QNC 1502,,MC 4064,,
QNC 1502,,MC 6486,,
RCH 305,,RCH 211,,
RCH 305,,RCH 211,,
RCH 204,,PHY 235,,
QNC 2501,,MC 2034,,
EV3 1408,,MC 3003,,
QNC 2501,,MC 3003,,
QNC 2501,,MC 3003,,
RCH 301,,MC 2035,,
CPH 3679,,PHY 235,,
EIT 1015,,MC 2035,,
RCH 211,,MC 4063,,
MC 2054,,MC 4063,,
RCH 209,,MC 4063,,
RCH 208,,MC 4063,,
AL 116,,MC 1056,,
PAS 1241,,PHY 235,,
STC 0050,,PHY 235,,
STC 0020,,MC 2035,,
MC 4064,,RCH 204,,
STC 0040,,RCH 204,,
MC 4058,,RCH 204,,
AL 211,,MC 2034,,
MC 4064,,MC 2034,,
MC 6486,,RCH 211,,
RCH 211,,MC 3003,,
RCH 211,,MC 3003,,
PHY 235,,MC 1085,,
MC 2034,,MC 4060,,
MC 3003,,MC 4060,,
MC 3003,,MC 4021,,
MC 3003,,QNC 1502,,
MC 2035,,MC 2017,,
PHY 235,,MC 4020,,
MC 2035,,MC 4020,,
MC 4063,,MC 4045,,
MC 4063,,MC 4045,,
MC 4063,,MC 4020,,
MC 4063,,MC 4020,,
MC 1056,,MC 4042,,
PHY 235,,MC 4060,,
PHY 235,,MC 4060,,
MC 2035,,MC 4060,,
RCH 204,,MC 4061,,
RCH 204,,MC 4061,,
RCH 204,,RCH 305,,
MC 2034,,PHY 313,,
MC 2034,,MC 4042,,
RCH 211,,MC 4042,,
MC 3003,,MC 4042,,
MC 3003,,MC 4042,,
MC 1085,,MC 4042,,
MC 4060,,RCH 110,,
MC 4060,,MC 2054,,
MC 4021,,MC 4021,,
QNC 1502,,MC 4041,,
MC 2017,,MC 4021,,
MC 4020,,MC 4041,,
MC 4020,,MC 4041,,
MC 4045,,MC 4042,,
MC 4045,,MC 4041,,
MC 4020,,MC 4060,,
MC 4020,,MC 4042,,
MC 4042,,MC 4060,,
MC 4060,,MC 4058,,
MC 4060,,MC 4040,,
MC 4060,,MC 1056,,
MC 4061,,MC 4045,,
MC 4061,,MC 4045,,
RCH 305,,MC 2038,,
PHY 313,,MC 2017,,
MC 4042,,MC 4042,,
MC 4042,,MC 4063,,
MC 4042,,MC 4063,,
MC 4042,,MC 4063,,
MC 4042,,MC 4060,,
RCH 110,,MC 4060,,
MC 2054,,MC 4058,,
MC 4021,,MC 4021,,
MC 4041,,MC 4020,,
MC 4021,,MC 1056,,
MC 4041,,MC 4061,,
MC 4041,,MC 4021,,
MC 4042,,MC 4061,,
MC 4041,,STC 0060,,
MC 4060,,MC 4059,,
MC 4042,,MC 2017,,
MC 4060,,MC 2017,,
MC 4058,,MC 4040,,
MC 4040,,MC 4040,,
MC 1056,,RCH 308,,
MC 4045,,RCH 308,,
MC 4045,,MC 2038,,
MC 2038,,MC 4042,,
MC 2017,,MC 4041,,
MC 4042,,MC 2038,,
MC 4063,,MC 4060,,
MC 4063,,RCH 308,,
MC 4063,,RCH 308,,
MC 4060,,RCH 306,,
MC 4060,,MC 2034,,
MC 4058,,MC 2034,,
MC 4021,,RCH 211,,
MC 4020,,RCH 211,,
MC 1056,,RCH 211,,
MC 4061,,RCH 308,,
MC 4021,,ECH 1205,,
MC 4061,,HH 180,,
STC 0060,,AL 6,,
MC 4059,,RCH 307,,
MC 2017,,RCH 307,,
MC 2017,,RCH 307,,
MC 4040,,RCH 307,,
MC 4040,,RCH 307,,
RCH 308,,RCH 307,,
RCH 308,,RCH 307,,
MC 2038,,EIT 1013,,
MC 4042,,EIT 1013,,
MC 4041,,DWE 1427,,
MC 2038,,EIT 1013,,
MC 4060,,EIT 1013,,
RCH 308,,EIT 1013,,
RCH 308,,EIT 1013,,
RCH 306,,EIT 1013,,
MC 2034,,DWE 1427,,
MC 2034,,EIT 1013,,
RCH 211,,EIT 1013,,
RCH 211,,EIT 1013,,
RCH 211,,RCH 105,,
RCH 308,,RCH 105,,
ECH 1205,,RCH 306,,
HH 180,,EIT 1009,,
AL 6,,EIT 1009,,
RCH 307,,EIT 1009,,
RCH 307,,EIT 1009,,
RCH 307,,PHY 313,,
RCH 307,,PHY 313,,
RCH 307,,STC 0010,,
RCH 307,,MC 2035,,
RCH 307,,MC 2035,,
EIT 1013,,PHY 313,,
EIT 1013,,REN 2106,,
DWE 1427,,REN 1918,,
EIT 1013,,REN 1918,,
EIT 1013,,REN 2107,,
EIT 1013,,RCH 302,,
EIT 1013,,RCH 302,,
EIT 1013,,RCH 302,,
DWE 1427,,MC 2066,,
EIT 1013,,MC 2066,,
EIT 1013,,MC 2066,,
EIT 1013,,MC 2066,,
RCH 105,,MC 2066,,
,,RCH 302,,
RCH 105,,RCH 302,,
,,RCH 302,,
RCH 306,,RCH 302,,
EIT 1009,,RCH 302,,
EIT 1009,,RCH 302,,
EIT 1009,,RCH 302,,
EIT 1009,,MC 4058,,
PHY 313,,MC 4060,,
PHY 313,,DWE 3518,,
STC 0010,,MC 4060,,
MC 2035,,DWE 3518,,
MC 2035,,MC 4042,,
PHY 313,,E2 3346,,
REN 2106,,E2 3346,,
REN 1918,,E2 3346,,
REN 1918,,E2 3346,,
REN 2107,,E2 3346,,
RCH 302,,E2 3346,,
RCH 302,,E2 3346,,
RCH 302,,E2 3346,,
MC 2066,,E2 3346,,
MC 2066,,E2 3346,,
MC 2066,,E2 3346,,
MC 2066,,E2 3346,,
MC 2066,,E2 3346,,
RCH 302,,E2 3346,,
RCH 302,,E2 3346,,
RCH 302,,E2 3346,,
RCH 302,,E2 3346,,
RCH 302,,E2 3346,,
RCH 302,,E2 3346,,
RCH 302,,E2 3346,,
MC 4058,,E2 3346,,
MC 4060,,E2 3346,,
DWE 3518,,E2 3346,,
MC 4060,,E2 3346,,
DWE 3518,,E2 3346,,
MC 4042,,E2 3346,,
E2 3346,,E2 3346,,
E2 3346,,E2 3346,,
E2 3346,,E2 3346,,
E2 3346,,E2 3346,,
E2 3346,,RCH 302,,
E2 3346,,MC 2066,,
E2 3346,,MC 2066,,
E2 3346,,MC 2066,,
E2 3346,,MC 2066,,
E2 3346,,RCH 302,,
E2 3346,,RCH 302,,
E2 3346,,RCH 302,,
E2 3346,,RCH 302,,
E2 3346,,RCH 302,,
E2 3346,,MC 4060,,
E2 3346,,MC 4042,,
E2 3346,,DWE 3518,,
E2 3346,,RCH 207,,
E2 3346,,RCH 309,,
E2 3346,,PHY 313,,
E2 3346,,RCH 108,,
E2 3346,,RCH 108,,
E2 3346,,RCH 108,,
E2 3346,,RCH 108,,
E2 3346,,RCH 108,,
E2 3346,,RCH 108,,
E2 3346,,RCH 108,,
E2 3346,,RCH 108,,
E2 3346,,RCH 108,,
E2 3346,,RCH 108,,
RCH 302,,RCH 108,,
MC 2066,,RCH 108,,
MC 2066,,RCH 108,,
MC 2066,,RCH 108,,
MC 2066,,RCH 108,,
RCH 302,,RCH 108,,
RCH 302,,RCH 108,,
RCH 302,,RCH 108,,
RCH 302,,RCH 108,,
RCH 302,,RCH 108,,
MC 4060,,RCH 108,,
MC 4042,,RCH 108,,
DWE 3518,,RCH 108,,
RCH 207,,RCH 108,,
RCH 309,,RCH 108,,
PHY 313,,RCH 108,,
RCH 108,,RCH 108,,
RCH 108,,RCH 108,,
RCH 108,,RCH 108,,
RCH 108,,RCH 108,,
RCH 108,,RCH 302,,
RCH 108,,RCH 302,,
RCH 108,,RCH 302,,
RCH 108,,RCH 302,,
RCH 108,,RCH 302,,
RCH 108,,RCH 302,,
RCH 108,,RCH 302,,
RCH 108,,RCH 302,,
RCH 108,,RCH 302,,
RCH 108,,RCH 302,,
RCH 108,,RCH 302,,
RCH 108,,RCH 302,,
RCH 108,,RCH 302,,
RCH 108,,RCH 302,,
RCH 108,,DWE 3518,,
RCH 108,,MC 4060,,
RCH 108,,DWE 3516,,
RCH 108,,MC 4058,,
RCH 108,,DWE 3518,,
RCH 108,,DWE 3518,,
RCH 108,,E2 2356,,
RCH 108,,E2 2356,,
RCH 108,,E2 2356,,
RCH 108,,E2 2356,,
RCH 108,,E2 2356,,
RCH 108,,E2 2356,,
RCH 302,,E2 2356,,
RCH 302,,E2 2356,,
RCH 302,,E2 2356,,
RCH 302,,E2 2356,,
RCH 302,,E2 2356,,
RCH 302,,E2 2356,,
RCH 302,,E2 2356,,
RCH 302,,E2 2356,,
RCH 302,,E2 2356,,
RCH 302,,E2 2356,,
RCH 302,,E2 2356,,
RCH 302,,E2 2356,,
RCH 302,,E2 2356,,
RCH 302,,E2 2356,,
DWE 3518,,E2 2356,,
MC 4060,,E2 2356,,
DWE 3516,,E2 2356,,
MC 4058,,E2 2356,,
DWE 3518,,E2 2356,,
DWE 3518,,E2 2356,,
E2 2356,,E2 2356,,
E2 2356,,E2 2356,,
E2 2356,,E2 2356,,
E2 2356,,E2 2356,,
E2 2356,,RCH 302,,
E2 2356,,RCH 302,,
E2 2356,,RCH 302,,
E2 2356,,RCH 302,,
E2 2356,,RCH 302,,
E2 2356,,RCH 302,,
E2 2356,,RCH 302,,
E2 2356,,RCH 302,,
E2 2356,,RCH 302,,
E2 2356,,RCH 302,,
E2 2356,,RCH 302,,
E2 2356,,RCH 302,,
E2 2356,,RCH 302,,
E2 2356,,RCH 302,,
E2 2356,,DWE 3518,,
E2 2356,,DWE 3518,,
E2 2356,,DWE 3518,,
E2 2356,,MC 4058,,
E2 2356,,MC 4042,,
E2 2356,,DWE 3518,,
E2 2356,,E2 3344,,
E2 2356,,E2 3344,,
E2 2356,,E2 3344,,
E2 2356,,E2 3344,,
E2 2356,,E2 3344,,
E2 2356,,E2 3344,,
RCH 302,,E2 3344,,
RCH 302,,E2 3344,,
RCH 302,,E2 3344,,
RCH 302,,E2 3344,,
RCH 302,,E2 3344,,
RCH 302,,E2 3344,,
RCH 302,,E2 3344,,
RCH 302,,E2 3344,,
RCH 302,,E2 3344,,
RCH 302,,E2 3344,,
RCH 302,,E2 3344,,
RCH 302,,E2 3344,,
RCH 302,,E2 3344,,
RCH 302,,E2 3344,,
DWE 3518,,E2 3344,,
DWE 3518,,E2 3344,,
DWE 3518,,E2 3344,,
MC 4058,,E2 3344,,
MC 4042,,E2 3344,,
DWE 3518,,E2 3344,,
E2 3344,,E2 3344,,
E2 3344,,E2 3344,,
E2 3344,,E2 3344,,
E2 3344,,E2 3344,,
E2 3344,,MC 2066,,
E2 3344,,CPH 1346,,
E2 3344,,RCH 204,,
E2 3344,,DWE 3518,,
E2 3344,,DWE 3518,,
E2 3344,,DWE 3518,,
E2 3344,,DWE 3518,,
E2 3344,,DWE 3518,,
E2 3344,,DWE 3518,,
E2 3344,,MC 2065,,
E2 3344,,MC 2066,,
E2 3344,,MC 2066,,
E2 3344,,MC 2066,,
E2 3344,,MC 2066,,
E2 3344,,MC 2066,,
E2 3344,,MC 2065,,
E2 3344,,RCH 204,,
E2 3344,,DWE 3518,,
E2 3344,,DWE 3518,,
E2 3344,,DWE 3518,,
E2 3344,,DWE 3518,,
E2 3344,,DWE 3518,,
E2 3344,,DWE 3518,,
E2 3344,,E2 3347,,
E2 3344,,E2 3347,,
E2 3344,,E2 3347,,
MC 2066,,E2 3347,,
CPH 1346,,E2 3347,,
RCH 204,,E2 3347,,
DWE 3518,,E2 3347,,
DWE 3518,,E2 3347,,
DWE 3518,,E2 3347,,
DWE 3518,,E2 3347,,
DWE 3518,,E2 3347,,
DWE 3518,,E2 3347,,
MC 2065,,E2 3347,,
MC 2066,,E2 3347,,
MC 2066,,E2 3347,,
MC 2066,,MC 4021,,
MC 2066,,DWE 1501,,
MC 2066,,DWE 1501,,
MC 2065,,DWE 1501,,
RCH 204,,DWE 1501,,
DWE 3518,,DWE 1501,,
DWE 3518,,MC 4059,,
DWE 3518,,E2 2364,,
DWE 3518,,E2 2364,,
DWE 3518,,E2 2364,,
DWE 3518,,E2 2364,,
E2 3347,,E2 2364,,
E2 3347,,E2 2364,,
E2 3347,,E2 2364,,
E2 3347,,E2 2364,,
E2 3347,,E2 2364,,
E2 3347,,E2 2364,,
E2 3347,,E2 2364,,
E2 3347,,E2 2364,,
E2 3347,,E2 2364,,
E2 3347,,E2 2364,,
E2 3347,,E2 2364,,
E2 3347,,MC 2065,,
E2 3347,,MC 2066,,
E2 3347,,MC 2066,,
E2 3347,,MC 2066,,
MC 4021,,MC 2066,,
DWE 1501,,MC 2066,,
DWE 1501,,MC 2065,,
DWE 1501,,E2 3344,,
DWE 1501,,E2 3344,,
DWE 1501,,E2 3344,,
MC 4059,,E2 3344,,
E2 2364,,E2 3344,,
E2 2364,,E2 3344,,
E2 2364,,E2 3344,,
E2 2364,,E2 3344,,
E2 2364,,E2 3344,,
E2 2364,,E2 3344,,
E2 2364,,E2 3344,,
E2 2364,,E2 3344,,
E2 2364,,E2 3344,,
E2 2364,,E2 3344,,
E2 2364,,E2 3344,,
E2 2364,,E2 3344,,
E2 2364,,E2 3344,,
E2 2364,,E2 3344,,
E2 2364,,E2 3344,,
MC 2065,,E2 3344,,
MC 2066,,MC 2066,,
MC 2066,,MC 2066,,
MC 2066,,MC 2066,,
MC 2066,,MC 2066,,
MC 2066,,MC 2066,,
MC 2065,,MC 2066,,
E2 3344,,MC 4059,,
E2 3344,,E2 2363,,
E2 3344,,E2 2363,,
E2 3344,,E2 2363,,
E2 3344,,E2 2363,,
E2 3344,,E2 2363,,
E2 3344,,E2 2363,,
E2 3344,,E2 2363,,
E2 3344,,E2 2363,,
E2 3344,,E2 2363,,
E2 3344,,E2 2363,,
E2 3344,,E2 2363,,
E2 3344,,E2 2363,,
E2 3344,,E2 2363,,
E2 3344,,E2 2363,,
E2 3344,,E2 2363,,
E2 3344,,MC 4059,,
E2 3344,,DWE 1501,,
E2 3344,,DWE 1501,,
E2 3344,,DWE 1501,,
MC 2066,,DWE 1501,,
MC 2066,,DWE 1501,,
MC 2066,,DWE 1501,,
MC 2066,,DWE 1501,,
MC 2066,,RCH 103,,
MC 2066,,DWE 1501,,
MC 4059,,DWE 1501,,
E2 2363,,DWE 1501,,
E2 2363,,DWE 1501,,
E2 2363,,DWE 1501,,
E2 2363,,MC 4059,,
E2 2363,,RCH 103,,
E2 2363,,RCH 305,,
E2 2363,,MC 4059,,
E2 2363,,MC 4059,,
E2 2363,,MC 4059,,
E2 2363,,MC 4059,,
E2 2363,,MC 4059,,
E2 2363,,MC 4059,,
E2 2363,,MC 4059,,
E2 2363,,MC 4059,,
E2 2363,,MC 4059,,
MC 4059,,MC 4059,,
DWE 1501,,MC 4059,,
DWE 1501,,MC 4059,,
DWE 1501,,RCH 305,,
DWE 1501,,RCH 103,,
DWE 1501,,E2 2356A,,
DWE 1501,,E2 2356A,,
DWE 1501,,E2 2356A,,
RCH 103,,E2 2356A,,
DWE 1501,,E2 2356A,,
DWE 1501,,E2 2356A,,
DWE 1501,,QNC 1506,,
DWE 1501,,QNC 1506,,
DWE 1501,,QNC 1506,,
MC 4059,,QNC 1506,,
RCH 103,,QNC 1506,,
RCH 305,,QNC 1506,,
MC 4059,,QNC 1507,,
MC 4059,,E2 3347,,
MC 4059,,E2 3347,,
MC 4059,,E2 3347,,
MC 4059,,E2 3347,,
MC 4059,,E2 3347,,
MC 4059,,E2 3347,,
MC 4059,,E2 3347,,
MC 4059,,E2 3347,,
MC 4059,,E2 3347,,
MC 4059,,E2 3347,,
MC 4059,,E2 3347,,
RCH 305,,E2 3347,,
RCH 103,,E2 3347,,
E2 2356A,,E2 3347,,
E2 2356A,,E2 3347,,
E2 2356A,,RCH 305,,
E2 2356A,,MC 4059,,
E2 2356A,,MC 4059,,
E2 2356A,,MC 4059,,
QNC 1506,,MC 4059,,
QNC 1506,,MC 4059,,
QNC 1506,,RCH 103,,
QNC 1506,,MC 4059,,
QNC 1506,,MC 4059,,
QNC 1506,,MC 4059,,
QNC 1507,,MC 4059,,
E2 3347,,MC 4059,,
E2 3347,,MC 4059,,
E2 3347,,RCH 305,,
E2 3347,,DWE 1501,,
E2 3347,,E2 2356A,,
E2 3347,,E2 2356A,,
E2 3347,,E2 2356A,,
E2 3347,,E2 2356A,,
E2 3347,,E2 2356A,,
E2 3347,,E2 2356A,,
E2 3347,,DWE 1501,,
E2 3347,,RCH 103,,
E2 3347,,MC 4059,,
E2 3347,,STP 105,,
E2 3347,,DC 1351,,
RCH 305,,DC 1351,,
MC 4059,,STP 105,,
MC 4059,,DC 1351,,
MC 4059,,RCH 110,,
MC 4059,,RCH 211,,
MC 4059,,DWE 3522,,
RCH 103,,RCH 110,,
MC 4059,,STC 0060,,
MC 4059,,DWE 3522,,
MC 4059,,RCH 204,,
MC 4059,,HH 334,,
MC 4059,,AL 208,,
MC 4059,,PAS 2083,,
RCH 305,,HH 139,,
DWE 1501,,ML 354,,
E2 2356A,,HH 150,,
E2 2356A,,AL 211,,
E2 2356A,,AL 211,,
E2 2356A,,AL 211,,
E2 2356A,,EV3 1408,,
E2 2356A,,STC 0020,,
DWE 1501,,REN 2104,,
RCH 103,,REN 2104,,
MC 4059,,REN 1918,,
STP 105,,REN 1918,,
DC 1351,,REN 1918,,
DC 1351,,REN 1918,,
STP 105,,REN 1918,,
DC 1351,,REN 1918,,
RCH 110,,REN 1918,,
RCH 211,,REN 1918,,
DWE 3522,,REN 2918,,
RCH 110,,REN 2918,,
STC 0060,,REN 1918,,
DWE 3522,,REN 1918,,
RCH 204,,REN 2918,,
HH 334,,REN 2918,,
AL 208,,REN 2104,,
PAS 2083,,REN 2104,,
HH 139,,REN 2918,,
ML 354,,REN 2918,,
HH 150,,REN 2102,,
AL 211,,REN 2102,,
AL 211,,REN 2918,,
AL 211,,REN 2918,,
EV3 1408,,EV1 350,,
STC 0020,,EV2 2002,,
REN 2104,,HH 139,,
REN 2104,,HH 139,,
REN 1918,,QNC 2501,,
REN 1918,,HH 139,,
REN 1918,,HH 138,,
REN 1918,,EV3 3406,,
REN 1918,,HH 119,,
REN 1918,,EV3 3406,,
REN 1918,,EV3 3406,,
REN 1918,,REN 1918,,
REN 2918,,REN 1918,,
REN 2918,,HH 150,,
REN 1918,,ECH 1205,,
REN 1918,,HH 138,,
REN 2918,,HH 138,,
REN 2918,,HH 227,,
REN 2104,,ECH 1205,,
REN 2104,,ML 354,,
REN 2918,,HH 139,,
REN 2918,,ML 311,,
REN 2102,,RCH 307,,
REN 2102,,RCH 307,,
REN 2918,,RCH 307,,
REN 2918,,RCH 307,,
EV1 350,,RCH 307,,
EV2 2002,,RCH 307,,
HH 139,,RCH 307,,
HH 139,,EIT 1013,,
QNC 2501,,EIT 1013,,
HH 139,,DWE 1427,,
HH 138,,EIT 1013,,
EV3 3406,,EIT 1013,,
HH 119,,EIT 1013,,
EV3 3406,,EIT 1013,,
EV3 3406,,EIT 1013,,
REN 1918,,DWE 1427,,
REN 1918,,EIT 1013,,
HH 150,,EIT 1013,,
ECH 1205,,EIT 1013,,
HH 138,,DWE 1427,,
HH 138,,DWE 1427,,
HH 227,,DWE 1427,,
ECH 1205,,EIT 1013,,
ML 354,,EIT 1013,,
HH 139,,EIT 1013,,
ML 311,,EIT 1013,,
RCH 307,,EIT 1013,,
RCH 307,,DWE 1427,,
RCH 307,,DWE 1427,,
RCH 307,,DWE 1427,,
RCH 307,,EIT 1013,,
RCH 307,,EIT 1013,,
RCH 307,,EIT 1013,,
EIT 1013,,EIT 1013,,
EIT 1013,,EIT 1013,,
DWE 1427,,DWE 2527,,
EIT 1013,,MC 4042,,
EIT 1013,,DWE 2527,,
EIT 1013,,MC 4042,,
EIT 1013,,DWE 1407,,
EIT 1013,,DWE 1407,,
DWE 1427,,DWE 1407,,
EIT 1013,,DWE 2527,,
EIT 1013,,RCH 101,,
EIT 1013,,EV1 131,,
DWE 1427,,EV1 131,,
DWE 1427,,EV1 131,,
DWE 1427,,EV1 131,,
EIT 1013,,EV1 131,,
EIT 1013,,EV1 131,,
EIT 1013,,EV1 131,,
EIT 1013,,EV1 131,,
EIT 1013,,EV1 131,,
DWE 1427,,EV1 131,,
DWE 1427,,EV1 131,,
DWE 1427,,EV1 131,,
EIT 1013,,EV1 134,,
EIT 1013,,AL 113,,
EIT 1013,,HH 336,,
EIT 1013,,ECH 1218,,
EIT 1013,,ECH 1224A,,
DWE 2527,,ECH 1224A,,
MC 4042,,ECH 1205,,
DWE 2527,,ECH 1230,,
MC 4042,,ECH 1205,,
DWE 1407,,ECH 1205,,
DWE 1407,,ECH 1205,,
DWE 1407,,EV3 3412,,
DWE 2527,,HH 124,,
RCH 101,,HH 344,,
EV1 131,,HH 344,,
EV1 131,,HH 227,,
EV1 131,,HH 227,,
EV1 131,,HH 344,,
EV1 131,,HH 124,,
EV1 131,,HH 227,,
EV1 131,,HH 124,,
EV1 131,,HH 344,,
EV1 131,,HH 227,,
EV1 131,,ML 113,,
EV1 131,,ML 113,,
EV1 131,,ML 113,,
EV1 134,,ML 113,,
AL 113,,ML 113,,
HH 336,,HH 227,,
ECH 1218,,HH 227,,
ECH 1224A,,HH 227,,
ECH 1224A,,ML 113,,
ECH 1205,,HH 227,,
ECH 1230,,HH 138,,
ECH 1205,,EV1 350,,
ECH 1205,,RCH 306,,
ECH 1205,,RCH 308,,
EV3 3412,,RCH 308,,
HH 124,,RCH 306,,
HH 344,,E2 1310,,
HH 344,,E2 1310,,
HH 227,,E2 1310,,
HH 227,,E2 1310,,
HH 344,,E2 1310,,
HH 124,,RCH 309,,
HH 227,,RCH 309,,
HH 124,,RCH 309,,
HH 344,,RCH 309,,
HH 227,,RCH 309,,
ML 113,,RCH 309,,
ML 113,,RCH 307,,
ML 113,,RCH 307,,
ML 113,,RCH 307,,
ML 113,,RCH 307,,
HH 227,,RCH 307,,
HH 227,,RCH 103,,
HH 227,,RCH 103,,
ML 113,,RCH 103,,
HH 227,,RCH 103,,
HH 138,,RCH 103,,
EV1 350,,RCH 103,,
RCH 306,,E2 1310,,
,,E2 1310,,
RCH 308,,E2 1310,,
RCH 308,,E2 1310,,
,,E2 1310,,
,,E2 1310,,
RCH 306,,RCH 308,,
,,RCH 307,,
E2 1310,,RCH 307,,
E2 1310,,RCH 307,,
E2 1310,,RCH 307,,
E2 1310,,RCH 307,,
E2 1310,,RCH 307,,
RCH 309,,RCH 307,,
RCH 309,,EIT 1013,,
RCH 309,,EIT 1013,,
RCH 309,,DWE 1427,,
RCH 309,,EIT 1013,,
RCH 309,,EIT 1013,,
RCH 307,,EIT 1013,,
RCH 307,,EIT 1013,,
RCH 307,,EIT 1013,,
RCH 307,,DWE 1427,,
RCH 307,,EIT 1013,,
RCH 103,,EIT 1013,,
RCH 103,,EIT 1013,,
RCH 103,,DWE 2527,,
RCH 103,,EV3 1408,,
RCH 103,,PAS 2083,,
RCH 103,,EV1 240,,
E2 1310,,EV1 240,,
E2 1310,,EV1 240,,
E2 1310,,EV1 240,,
E2 1310,,EV1 132,,
E2 1310,,RCH 105,,
E2 1310,,EV3 3412,,
RCH 308,,EV3 3412,,
RCH 307,,EV3 1408,,
RCH 307,,EV2 1002A,,
RCH 307,,EV2 1002A,,
RCH 307,,EV2 1002A,,
RCH 307,,EV2 1002A,,
RCH 307,,EV1 132,,
RCH 307,,AL 209,,
EIT 1013,,EV2 2002,,
EIT 1013,,HH 150,,
DWE 1427,,EV3 3412,,
EIT 1013,,EV1 240,,
EIT 1013,,EV1 240,,
EIT 1013,,EV1 132,,
EIT 1013,,EV1 132,,
EIT 1013,,PAS 2083,,
DWE 1427,,AL 208,,
EIT 1013,,PAS 2086,,
EIT 1013,,PAS 2086,,
EIT 1013,,PAS 2086,,
DWE 2527,,ML 246,,
EV3 1408,,PAS 2084,,
PAS 2083,,PAS 2085,,
EV1 240,,PAS 2084,,
EV1 240,,PAS 2085,,
EV1 240,,EV3 4408,,
EV1 240,,BMH 2703,,
EV1 132,,BMH 1005,,
RCH 105,,BMH 2703,,
EV3 3412,,STC 1012,,
EV3 3412,,HH 1106,,
EV3 1408,,HH 1104,,
EV2 1002A,,HH 1104,,
EV2 1002A,,STP 201,,
EV2 1002A,,RCH 301,,
EV2 1002A,,QNC 1502,,
EV1 132,,REN 2106,,
AL 209,,REN 2106,,
EV2 2002,,REN 0104,,
HH 150,,REN 2102,,
EV3 3412,,REN 2102,,
EV1 240,,REN 0104,,
EV1 240,,REN 2102,,
EV1 132,,REN 0104,,
EV1 132,,REN 2106,,
PAS 2083,,REN 2102,,
AL 208,,REN 2102,,
PAS 2086,,REN 2102,,
PAS 2086,,REN 2102,,
PAS 2086,,REN 0104,,
ML 246,,AHS 1689,,
PAS 2084,,AHS 3688,,
PAS 2085,,AHS 3688,,
PAS 2084,,AHS 3688,,
PAS 2085,,AHS 3688,,
EV3 4408,,AHS 3688,,
BMH 2703,,AHS 3688,,
BMH 1005,,AHS 3688,,
BMH 2703,,AHS 3688,,
STC 1012,,AHS 1689,,
HH 1106,,AHS 3689,,
HH 1104,,AHS 3689,,
HH 1104,,AHS 3689,,
STP 201,,AHS 3689,,
RCH 301,,AHS 3689,,
QNC 1502,,AHS 3689,,
REN 2106,,AHS 3689,,
REN 2106,,AHS 3689,,
REN 0104,,AHS 3689,,
REN 2102,,AHS 3689,,
REN 2102,,AHS 3689,,
REN 0104,,AHS 3689,,
REN 2102,,AHS 3689,,
REN 0104,,AHS 3689,,
REN 2106,,AHS 3689,,
REN 2102,,AHS 3689,,
REN 2102,,AHS 3689,,
REN 2102,,AHS 3689,,
REN 2102,,AHS 3689,,
REN 0104,,AHS 3689,,
AHS 1689,,AHS 3689,,
AHS 3688,,AHS 3689,,
AHS 3688,,AHS 3689,,
AHS 3688,,AHS 3689,,
AHS 3688,,AHS 3689,,
AHS 3688,,AHS 3689,,
AHS 3688,,AHS 3689,,
AHS 3688,,AHS 3689,,
AHS 3688,,AHS 3689,,
AHS 1689,,AHS 3689,,
AHS 3689,,AHS 3689,,
AHS 3689,,AHS 3689,,
AHS 3689,,AHS 3689,,
AHS 3689,,AHS 3689,,
AHS 3689,,AHS 3689,,
AHS 3689,,AHS 3689,,
AHS 3689,,AHS 3689,,
AHS 3689,,AHS 3689,,
AHS 3689,,AHS 3689,,
AHS 3689,,AHS 3689,,
AHS 3689,,AHS 3689,,
AHS 3689,,AHS 3689,,
AHS 3689,,AHS 3689,,
AHS 3689,,AHS 3689,,
AHS 3689,,AHS 3689,,
AHS 3689,,AHS 3689,,
AHS 3689,,AHS 3689,,
AHS 3689,,AHS 3689,,
AHS 3689,,AHS 3689,,
AHS 3689,,AHS 3689,,
AHS 3689,,AHS 3689,,
AHS 3689,,AHS 1689,,
AHS 3689,,AHS 3686,,
AHS 3689,,AHS 3686,,
AHS 3689,,AHS 3686,,
AHS 3689,,AHS 3686,,
AHS 3689,,AHS 3686,,
AHS 3689,,AHS 3686,,
AHS 3689,,AHS 3686,,
AHS 3689,,AHS 1689,,
AHS 3689,,REN 2107,,
AHS 3689,,REN 2107,,
AHS 3689,,REN 2104,,
AHS 3689,,REN 2104,,
AHS 3689,,REN 0104,,
AHS 3689,,REN 0104,,
AHS 3689,,REN 2107,,
AHS 3689,,REN 2107,,
AHS 3689,,REN 2107,,
AHS 3689,,EV3 1408,,
AHS 3689,,HH 334,,
AHS 3689,,HH 150,,
AHS 3689,,ML 246,,
AHS 3689,,RCH 306,,
AHS 3689,,RCH 306,,
AHS 3689,,RCH 306,,
AHS 3689,,RCH 306,,
AHS 3689,,RCH 306,,
AHS 3689,,RCH 306,,
AHS 3689,,RCH 306,,
AHS 3689,,RCH 306,,
AHS 1689,,RCH 306,,
AHS 3686,,RCH 306,,
AHS 3686,,RCH 306,,
AHS 3686,,RCH 306,,
AHS 3686,,RCH 306,,
AHS 3686,,RCH 306,,
AHS 3686,,RCH 306,,
AHS 3686,,DWE 1502,,
AHS 1689,,RCH 309,,
REN 2107,,RCH 309,,
REN 2107,,RCH 309,,
REN 2104,,RCH 309,,
REN 2104,,RCH 309,,
REN 0104,,RCH 309,,
REN 0104,,RCH 307,,
REN 2107,,RCH 307,,
REN 2107,,RCH 307,,
REN 2107,,RCH 307,,
EV3 1408,,RCH 307,,
HH 334,,RCH 103,,
HH 150,,RCH 103,,
ML 246,,RCH 103,,
RCH 306,,RCH 103,,
RCH 306,,RCH 103,,
RCH 306,,RCH 103,,
RCH 306,,RCH 301,,
RCH 306,,RCH 301,,
RCH 306,,RCH 301,,
RCH 306,,RCH 301,,
RCH 306,,RCH 301,,
RCH 306,,RCH 301,,
RCH 306,,RCH 309,,
RCH 306,,QNC 2501,,
RCH 306,,RCH 307,,
RCH 306,,RCH 207,,
RCH 306,,MC 4063,,
RCH 306,,MC 4058,,
DWE 1502,,MC 4041,,
RCH 309,,MC 4063,,
RCH 309,,RCH 302,,
RCH 309,,RCH 101,,
RCH 309,,RCH 302,,
RCH 309,,RCH 302,,
RCH 309,,RCH 302,,
RCH 307,,RCH 302,,
RCH 307,,RCH 302,,
RCH 307,,RCH 302,,
RCH 307,,RCH 302,,
RCH 307,,RCH 101,,
RCH 103,,RCH 302,,
RCH 103,,RCH 302,,
RCH 103,,RCH 302,,
RCH 103,,RCH 302,,
RCH 103,,RCH 302,,
RCH 103,,RCH 302,,
RCH 301,,MC 4042,,
RCH 301,,DWE 3516,,
RCH 301,,DWE 3518,,
RCH 301,,MC 4042,,
RCH 301,,DWE 3516,,
RCH 301,,DWE 3518,,
RCH 309,,MC 1056,,
QNC 2501,,MC 1056,,
RCH 307,,RCH 301,,
RCH 207,,MC 1085,,
MC 4063,,MC 2066,,
MC 4058,,MC 2066,,
MC 4041,,MC 4045,,
MC 4063,,MC 2017,,
RCH 302,,MC 2017,,
RCH 101,,RCH 110,,
RCH 302,,MC 4045,,
RCH 302,,MC 2017,,
RCH 302,,MC 4041,,
RCH 302,,MC 4063,,
RCH 302,,MC 4061,,
RCH 302,,MC 4061,,
RCH 302,,MC 4059,,
RCH 101,,RCH 103,,
RCH 302,,RCH 205,,
RCH 302,,RCH 206,,
RCH 302,,STC 0060,,
RCH 302,,STC 0060,,
RCH 302,,DWE 2529,,
RCH 302,,DWE 2529,,
MC 4042,,DWE 2529,,
DWE 3516,,MC 4058,,
DWE 3518,,MC 4060,,
MC 4042,,MC 4059,,
DWE 3516,,MC 4061,,
DWE 3518,,MC 4021,,
MC 1056,,M3 1006,,
MC 1056,,EIT 1015,,
RCH 301,,MC 4059,,
MC 1085,,MC 1085,,
MC 2066,,M3 1006,,
MC 2066,,MC 4020,,
MC 4045,,STC 0040,,
MC 2017,,RCH 301,,
MC 2017,,EIT 1015,,
RCH 110,,STC 0040,,
MC 4045,,MC 4059,,
MC 2017,,STC 0010,,
MC 4041,,STC 0010,,
MC 4063,,QNC 1507,,
MC 4061,,EV3 4412,,
MC 4061,,RCH 103,,
MC 4059,,RCH 103,,
RCH 103,,RCH 103,,
RCH 205,,RCH 103,,
RCH 206,,RCH 103,,
STC 0060,,RCH 103,,
STC 0060,,RCH 103,,
DWE 2529,,RCH 103,,
DWE 2529,,RCH 103,,
DWE 2529,,E2 1310,,
MC 4058,,E2 1310,,
MC 4060,,CPH 1346,,
MC 4059,,E2 1310,,
MC 4061,,CPH 1346,,
MC 4021,,E2 1310,,
M3 1006,,RCH 103,,
EIT 1015,,RCH 103,,
MC 4059,,RCH 103,,
MC 1085,,RCH 103,,
M3 1006,,RCH 103,,
MC 4020,,RCH 103,,
STC 0040,,RCH 103,,
RCH 301,,E3 2119,,
EIT 1015,,E3 2119,,
STC 0040,,MC 4060,,
MC 4059,,MC 4060,,
STC 0010,,DWE 2402,,
STC 0010,,DWE 2402,,
QNC 1507,,DWE 2402,,
EV3 4412,,DWE 2402,,
RCH 103,,DWE 2402,,
RCH 103,,DWE 2402,,
RCH 103,,DWE 2402,,
RCH 103,,DWE 2402,,
RCH 103,,DWE 2402,,
RCH 103,,DWE 2402,,
RCH 103,,DWE 2402,,
RCH 103,,E5 3102,,
RCH 103,,E5 3102,,
,,CPH 3681,,
,,DWE 3516,,
,,DWE 2402,,
,,DWE 2402,,
,,DWE 2402,,
,,E5 3102,,
E2 1310,,DWE 2402,,
E2 1310,,DWE 2402,,
CPH 1346,,DWE 2402,,
E2 1310,,DWE 2402,,
CPH 1346,,MC 2034,,
E2 1310,,DWE 2402,,
RCH 103,,DWE 2402,,
RCH 103,,DWE 2402,,
RCH 103,,MC 4063,,
RCH 103,,E5 3102,,
RCH 103,,E3 2103,,
RCH 103,,E3 2103,,
RCH 103,,E3 2103,,
E3 2119,,E3 2103,,
E3 2119,,E5 3101,,
MC 4060,,RCH 112,,
MC 4060,,E5 3101,,
DWE 2402,,E5 3101,,
DWE 2402,,E5 3101,,
DWE 2402,,E5 3101,,
DWE 2402,,MC 4060,,
DWE 2402,,DWE 3518,,
DWE 2402,,E5 3101,,
DWE 2402,,E5 3101,,
DWE 2402,,RCH 112,,
DWE 2402,,RCH 112,,
DWE 2402,,E5 3101,,
DWE 2402,,E5 3101,,
E5 3102,,E5 3101,,
E5 3102,,MC 4060,,
CPH 3681,,MC 4060,,
DWE 3516,,E5 3101,,
DWE 2402,,E5 3101,,
DWE 2402,,E5 3101,,
DWE 2402,,MC 4058,,
E5 3102,,MC 4060,,
DWE 2402,,E5 3101,,
DWE 2402,,E5 3101,,
DWE 2402,,E5 3101,,
DWE 2402,,DWE 3518,,
MC 2034,,DWE 3518,,
DWE 2402,,CPH 3679,,
DWE 2402,,CPH 3679,,
DWE 2402,,CPH 3679,,
MC 4063,,CPH 3679,,
E5 3102,,CPH 3679,,
E3 2103,,CPH 3679,,
E3 2103,,CPH 3679,,
E3 2103,,CPH 3679,,
E3 2103,,CPH 3679,,
E5 3101,,CPH 3679,,
RCH 112,,CPH 3679,,
E5 3101,,PHY 309A,,
E5 3101,,PHY 309A,,
E5 3101,,PHY 309A,,
E5 3101,,QNC 1507,,
MC 4060,,MC 4063,,
DWE 3518,,CPH 3681,,
E5 3101,,DC 1351,,
E5 3101,,CPH 3681,,
RCH 112,,DC 1351,,
RCH 112,,DWE 3516,,
E5 3101,,CPH 3681,,
E5 3101,,DWE 3516,,
E5 3101,,MC 2038,,
MC 4060,,CPH 1346,,
MC 4060,,MC 1085,,
E5 3101,,QNC 2502,,
E5 3101,,QNC 2502,,
E5 3101,,MC 4059,,
MC 4058,,MC 4059,,
MC 4060,,MC 4059,,
E5 3101,,MC 4059,,
E5 3101,,MC 4059,,
E5 3101,,MC 4059,,
DWE 3518,,MC 1056,,
DWE 3518,,CPH 1346,,
CPH 3679,,QNC 2502,,
CPH 3679,,CPH 3681,,
CPH 3679,,CPH 3681,,
CPH 3679,,DWE 2527,,
CPH 3679,,CPH 3681,,
CPH 3679,,CPH 3681,,
CPH 3679,,DWE 3516,,
CPH 3679,,CPH 3681,,
CPH 3679,,CPH 3681,,
CPH 3679,,DWE 3516,,
CPH 3679,,CPH 4333,,
PHY 309A,,CPH 4333,,
PHY 309A,,CPH 3681,,
,,CPH 3623,,
,,CPH 4335,,
PHY 309A,,CPH 3681,,
,,CPH 3681,,
,,CPH 3681,,
QNC 1507,,CPH 3681,,
MC 4063,,RCH 204,,
CPH 3681,,CPH 3681,,
DC 1351,,CPH 3681,,
CPH 3681,,RCH 308,,
DC 1351,,CPH 3681,,
,,E2 1310,,
,,DWE 2527,,
DWE 3516,,CPH 3681,,
CPH 3681,,CPH 4335,,
DWE 3516,,CPH 3681,,
MC 2038,,CPH 3681,,
CPH 1346,,CPH 3681,,
MC 1085,,RCH 301,,
QNC 2502,,RCH 301,,
QNC 2502,,RCH 301,,
MC 4059,,RCH 301,,
MC 4059,,RCH 301,,
MC 4059,,RCH 301,,
MC 4059,,RCH 301,,
MC 4059,,RCH 301,,
MC 4059,,RCH 301,,
MC 1056,,E3 2119,,
,,E3 2119,,
CPH 1346,,RCH 306,,
,,RCH 207,,
QNC 2502,,MC 4042,,
,,MC 4042,,
CPH 3681,,RCH 301,,
CPH 3681,,RCH 301,,
DWE 2527,,RCH 301,,
CPH 3681,,RCH 301,,
CPH 3681,,RCH 301,,
DWE 3516,,RCH 301,,
CPH 3681,,RCH 301,,
CPH 3681,,MC 4063,,
DWE 3516,,MC 4041,,
,,RCH 301,,
CPH 4333,,RCH 301,,
CPH 4333,,RCH 301,,
CPH 3681,,RCH 301,,
CPH 3623,,RCH 301,,
,,RCH 301,,
CPH 4335,,RCH 301,,
,,RCH 301,,
CPH 3681,,RCH 301,,
CPH 3681,,E2 1310,,
CPH 3681,,E2 1310,,
CPH 3681,,RCH 301,,
RCH 204,,RCH 302,,
CPH 3681,,RCH 302,,
,,RCH 302,,
CPH 3681,,RCH 302,,
RCH 308,,RCH 302,,
CPH 3681,,CPH 1346,,
E2 1310,,E5 3102,,
DWE 2527,,E5 3102,,
CPH 3681,,E5 3102,,
CPH 4335,,E5 3102,,
CPH 3681,,E5 3102,,
CPH 3681,,E5 3102,,
CPH 3681,,DWE 3518,,
RCH 301,,DWE 3518,,
RCH 301,,RCH 110,,
RCH 301,,E5 3102,,
RCH 301,,E5 3102,,
RCH 301,,E5 3102,,
RCH 301,,E5 3102,,
RCH 301,,E5 3102,,
RCH 301,,E5 3102,,
RCH 301,,E5 3102,,
E3 2119,,E5 3102,,
E3 2119,,E5 3102,,
RCH 306,,E3 3164,,
RCH 207,,E3 3164,,
MC 4042,,E3 3164,,
MC 4042,,E5 3102,,
RCH 301,,E5 3102,,
RCH 301,,E5 3102,,
RCH 301,,E5 3102,,
RCH 301,,E5 3102,,
RCH 301,,E2 2363,,
RCH 301,,E2 2363,,
RCH 301,,E2 2363,,
MC 4063,,E2 2363,,
MC 4041,,E2 2363,,
RCH 301,,E2 2363,,
RCH 301,,E2 2363,,
RCH 301,,E2 2363,,
RCH 301,,E2 2363,,
RCH 301,,E2 2363,,
RCH 301,,E2 2363,,
RCH 301,,E2 2363,,
RCH 301,,E2 2363,,
RCH 301,,E2 2363,,
E2 1310,,E2 2363,,
E2 1310,,E5 3101,,
RCH 301,,E5 3101,,
RCH 302,,E5 3101,,
RCH 302,,E5 3101,,
RCH 302,,DWE 2402,,
RCH 302,,E5 3101,,
RCH 302,,E5 3101,,
CPH 1346,,DWE 2402,,
E5 3102,,CPH 1333,,
E5 3102,,CPH 1333,,
E5 3102,,CPH 1333,,
E5 3102,,CPH 1333,,
E5 3102,,CPH 1333,,
E5 3102,,CPH 1333,,
,,CPH 1333,,
,,CPH 1333,,
,,CPH 1333,,
DWE 3518,,CPH 1333,,
DWE 3518,,CPH 1333,,
RCH 110,,CPH 1333,,
E5 3102,,CPH 1333,,
E5 3102,,CPH 1333,,
E5 3102,,CPH 1333,,
E5 3102,,DWE 2402,,
E5 3102,,E5 3101,,
E5 3102,,DWE 1501,,
E5 3102,,DWE 1501,,
E5 3102,,DWE 3518,,
E5 3102,,DWE 3522A,,
E3 3164,,DWE 3522A,,
E3 3164,,DWE 3522A,,
E3 3164,,DWE 3522A,,
E5 3102,,DWE 3522A,,
E5 3102,,DWE 3522A,,
E5 3102,,DWE 3522A,,
E5 3102,,DWE 3522A,,
E5 3102,,DWE 3522A,,
E2 2363,,DWE 3522A,,
E2 2363,,DWE 3522A,,
E2 2363,,DWE 3522A,,
E2 2363,,DWE 3522A,,
E2 2363,,DWE 3522A,,
E2 2363,,EIT 1015,,
E2 2363,,RCH 209,,
E2 2363,,RCH 209,,
E2 2363,,RCH 209,,
E2 2363,,CGR 1208,,
E2 2363,,STP 105,,
E2 2363,,CGR 1208,,
E2 2363,,QNC 2502,,
E2 2363,,QNC 2502,,
E2 2363,,QNC 2502,,
E5 3101,,QNC 2502,,
E5 3101,,QNC 2502,,
E5 3101,,QNC 2502,,
E5 3101,,QNC 2502,,
DWE 2402,,QNC 2502,,
E5 3101,,QNC 2502,,
E5 3101,,B1 370,,
DWE 2402,,QNC 2502,,
CPH 1333,,QNC 2502,,
CPH 1333,,QNC 2502,,
CPH 1333,,QNC 2502,,
CPH 1333,,QNC 2502,,
CPH 1333,,QNC 2502,,
CPH 1333,,QNC 2502,,
CPH 1333,,QNC 2502,,
CPH 1333,,QNC 2502,,
CPH 1333,,QNC 2502,,
CPH 1333,,QNC 2502,,
CPH 1333,,QNC 2502,,
CPH 1333,,QNC 2502,,
CPH 1333,,QNC 1502,,
CPH 1333,,QNC 1502,,
CPH 1333,,QNC 1502,,
DWE 2402,,QNC 2502,,
E5 3101,,QNC 2502,,
DWE 1501,,QNC 2502,,
DWE 1501,,QNC 2502,,
DWE 3518,,QNC 2502,,
DWE 3522A,,QNC 2502,,
DWE 3522A,,QNC 2502,,
DWE 3522A,,QNC 2502,,
DWE 3522A,,QNC 2502,,
DWE 3522A,,QNC 1507,,
DWE 3522A,,QNC 1507,,
DWE 3522A,,QNC 1507,,
DWE 3522A,,DC 3702,,
DWE 3522A,,DC 3702,,
DWE 3522A,,DC 3702,,
DWE 3522A,,DC 3702,,
DWE 3522A,,DC 3702,,
DWE 3522A,,DC 3702,,
DWE 3522A,,DC 3702,,
EIT 1015,,DC 3702,,
RCH 209,,DC 3702,,
RCH 209,,DC 3702,,
RCH 209,,DC 3702,,
CGR 1208,,DC 3702,,
STP 105,,DC 3702,,
CGR 1208,,DC 3702,,
QNC 2502,,DC 3702,,
QNC 2502,,DC 3702,,
QNC 2502,,DC 3702,,
QNC 2502,,DC 3702,,
QNC 2502,,DC 3702,,
QNC 2502,,DC 3702,,
QNC 2502,,DC 3702,,
QNC 2502,,DC 3702,,
QNC 2502,,DC 3702,,
B1 370,,DC 3702,,
QNC 2502,,DC 3702,,
QNC 2502,,DC 3702,,
QNC 2502,,DC 3702,,
QNC 2502,,DC 3702,,
QNC 2502,,DC 3702,,
QNC 2502,,DC 3702,,
QNC 2502,,DC 3702,,
QNC 2502,,DC 3702,,
QNC 2502,,DC 3702,,
QNC 2502,,DC 3702,,
QNC 2502,,DC 3702,,
QNC 2502,,DC 3702,,
QNC 2502,,QNC 2502,,
QNC 1502,,QNC 2502,,
QNC 1502,,QNC 2502,,
QNC 1502,,QNC 2502,,
QNC 2502,,QNC 2502,,
QNC 2502,,QNC 2502,,
QNC 2502,,QNC 2502,,
QNC 2502,,QNC 2502,,
QNC 2502,,QNC 2502,,
QNC 2502,,QNC 2501,,
QNC 2502,,QNC 2502,,
QNC 2502,,QNC 2501,,
QNC 2502,,QNC 2502,,
QNC 1507,,QNC 2501,,
QNC 1507,,QNC 2502,,
QNC 1507,,QNC 2611,,
DC 3702,,QNC 2611,,
DC 3702,,QNC 2611,,
DC 3702,,QNC 2611,,
DC 3702,,QNC 2611,,
DC 3702,,QNC 2611,,
DC 3702,,QNC 2611,,
,,QNC 2611,,
,,QNC 2611,,
,,QNC 2611,,
,,QNC 2611,,
,,QNC 2611,,
,,QNC 2611,,
DC 3702,,QNC 2611,,
DC 3702,,QNC 2611,,
DC 3702,,QNC 2611,,
DC 3702,,QNC 2611,,
DC 3702,,QNC 2611,,
DC 3702,,QNC 2502,,
,,QNC 2502,,
,,QNC 2502,,
,,QNC 2502,,
,,QNC 2502,,
,,QNC 2502,,
,,QNC 2502,,
DC 3702,,QNC 2502,,
DC 3702,,QNC 2502,,
DC 3702,,QNC 2502,,
DC 3702,,QNC 2502,,
DC 3702,,DC 3702,,
DC 3702,,DC 3702,,
,,DC 3702,,
,,DC 3702,,
,,DC 3702,,
,,DC 3702,,
,,DC 3702,,
,,DC 3702,,
DC 3702,,DC 3702,,
DC 3702,,DC 3702,,
DC 3702,,DC 3702,,
DC 3702,,DC 3702,,
DC 3702,,DC 3702,,
DC 3702,,DC 3702,,
,,DC 3702,,
,,DC 3702,,
,,DC 3702,,
,,DC 3702,,
,,DC 3702,,
,,DC 3702,,
DC 3702,,DC 3702,,
DC 3702,,DC 3702,,
DC 3702,,DC 3702,,
DC 3702,,DC 3702,,
DC 3702,,DC 3702,,
DC 3702,,DC 3702,,
,,DC 3702,,
,,DC 3702,,
,,DC 3702,,
,,DC 3702,,
,,DC 3702,,
,,DC 3702,,
DC 3702,,DC 3702,,
DC 3702,,DC 3702,,
DC 3702,,DC 3702,,
DC 3702,,DC 3702,,
DC 3702,,DC 3702,,
DC 3702,,DC 3702,,
,,DC 3702,,
,,DC 3702,,
,,DC 3702,,
,,DC 3702,,
,,DC 3702,,
,,DC 3702,,
QNC 2502,,DC 3702,,
QNC 2502,,DC 3702,,
QNC 2502,,DC 3702,,
QNC 2502,,DC 3702,,
QNC 2502,,QNC 2502,,
QNC 2502,,QNC 2502,,
QNC 2502,,QNC 2502,,
QNC 2502,,QNC 2502,,
QNC 2502,,QNC 2502,,
QNC 2501,,QNC 2502,,
QNC 2502,,QNC 2502,,
QNC 2501,,QNC 2502,,
QNC 2502,,QNC 2502,,
QNC 2501,,QNC 2502,,
QNC 2502,,QNC 2502,,
QNC 2611,,QNC 2502,,
QNC 2611,,QNC 2502,,
QNC 2611,,QNC 2502,,
QNC 2611,,QNC 2502,,
QNC 2611,,QNC 2502,,
QNC 2611,,QNC 2502,,
QNC 2611,,QNC 2502,,
QNC 2611,,QNC 2502,,
QNC 2611,,QNC 2502,,
QNC 2611,,QNC 2502,,
QNC 2611,,QNC 2502,,
QNC 2611,,QNC 2502,,
QNC 2611,,QNC 2502,,
QNC 2611,,QNC 2502,,
QNC 2611,,QNC 2502,,
QNC 2611,,QNC 2502,,
QNC 2611,,QNC 2502,,
QNC 2611,,QNC 2502,,
,,QNC 2502,,
QNC 2502,,QNC 2502,,
QNC 2502,,QNC 2502,,
QNC 2502,,QNC 2502,,
QNC 2502,,QNC 2502,,
QNC 2502,,QNC 2502,,
QNC 2502,,QNC 2502,,
QNC 2502,,QNC 2502,,
QNC 2502,,QNC 2502,,
QNC 2502,,QNC 2502,,
QNC 2502,,QNC 2611,,
QNC 2502,,QNC 2611,,
DC 3702,,QNC 2611,,
DC 3702,,QNC 2611,,
DC 3702,,QNC 2611,,
DC 3702,,QNC 2611,,
DC 3702,,QNC 2611,,
DC 3702,,QNC 2611,,
DC 3702,,QNC 2611,,
DC 3702,,QNC 2611,,
DC 3702,,QNC 2611,,
DC 3702,,QNC 2611,,
DC 3702,,QNC 2611,,
DC 3702,,QNC 2611,,
DC 3702,,QNC 2611,,
DC 3702,,QNC 2611,,
DC 3702,,QNC 2611,,
DC 3702,,QNC 2611,,
DC 3702,,OPT 309,,
DC 3702,,OPT 309,,
DC 3702,,OPT 347,,
DC 3702,,OPT 309,,
DC 3702,,PHR 1004,,
DC 3702,,PHR 1004,,
DC 3702,,PHR 2019,,
DC 3702,,PHR 2019,,
DC 3702,,PHR 2019,,
DC 3702,,IHB 2018,,
DC 3702,,PHR 1004,,
DC 3702,,PHR 2019,,
DC 3702,,PHR 2019,,
DC 3702,,PHR 2019,,
DC 3702,,PHR 1004,,
DC 3702,,PHR 1004,,
DC 3702,,PHR 1004,,
DC 3702,,IHB 2018,,
DC 3702,,PHR 1004,,
DC 3702,,PHR 1004,,
DC 3702,,PHR 1004,,
DC 3702,,PHR 1004,,
DC 3702,,PHR 1004,,
DC 3702,,PHR 1008,,
DC 3702,,PHR 1004,,
DC 3702,,PHR 1004,,
DC 3702,,PHR 1004,,
DC 3702,,PHR 1004,,
DC 3702,,PHR 1008,,
DC 3702,,PHR 1004,,
DC 3702,,PHR 3026,,
DC 3702,,PHR 3026,,
QNC 2502,,PHR 3026,,
QNC 2502,,PHR 1004,,
QNC 2502,,PHR 1004,,
QNC 2502,,AL 124,,
QNC 2502,,HH 334,,
QNC 2502,,STC 0010,,
QNC 2502,,EV3 1408,,
QNC 2502,,HH 334,,
QNC 2502,,HH 334,,
QNC 2502,,STC 0050,,
QNC 2502,,PHY 235,,
QNC 2502,,MC 4060,,
QNC 2502,,STC 3028,,
QNC 2502,,STC 3018,,
QNC 2502,,STC 3028,,
QNC 2502,,STC 3018,,
QNC 2502,,STC 3028,,
QNC 2502,,STC 3028,,
QNC 2502,,STC 3018,,
QNC 2502,,STC 3028,,
QNC 2502,,STC 3018,,
QNC 2502,,STC 3028,,
QNC 2502,,B1 271,,
QNC 2502,,QNC 2501,,
QNC 2502,,QNC 2501,,
QNC 2502,,QNC 2501,,
QNC 2502,,QNC 2501,,
QNC 2502,,PHY 313,,
QNC 2502,,MC 4059,,
QNC 2502,,STC 0060,,
QNC 2502,,PHY 318,,
QNC 2502,,PHY 318,,
QNC 2502,,PHY 318,,
QNC 2502,,PHY 318,,
QNC 2502,,PHY 318,,
QNC 2502,,PHY 318,,
QNC 2502,,PHY 318,,
QNC 2502,,PHY 318,,
QNC 2502,,PHY 318,,
QNC 2611,,PHY 318,,
QNC 2611,,PHY 318,,
QNC 2611,,PHY 318,,
QNC 2611,,PHY 318,,
QNC 2611,,PHY 318,,
QNC 2611,,PHY 318,,
QNC 2611,,PHY 318,,
QNC 2611,,PHY 318,,
QNC 2611,,PHY 318,,
QNC 2611,,PHY 318,,
QNC 2611,,PHY 318,,
QNC 2611,,PHY 318,,
QNC 2611,,PHY 318,,
QNC 2611,,PHY 318,,
QNC 2611,,PHY 318,,
QNC 2611,,PHY 318,,
QNC 2611,,MC 4064,,
QNC 2611,,MC 4064,,
OPT 309,,MC 4064,,
OPT 309,,MC 4064,,
OPT 347,,MC 4064,,
OPT 309,,MC 4064,,
PHR 1004,,MC 4020,,
PHR 1004,,DWE 3522,,
PHR 2019,,DWE 3522,,
PHR 2019,,PHY 321,,
PHR 2019,,PHY 321,,
IHB 2018,,PHY 321,,
PHR 1004,,PHY 321,,
PHR 2019,,PHY 321,,
PHR 2019,,PHY 321,,
PHR 2019,,PHY 321,,
PHR 1004,,PHY 321,,
PHR 1004,,PHY 321,,
PHR 1004,,PHY 321,,
IHB 2018,,PHY 321,,
PHR 1004,,PHY 321,,
PHR 1004,,PHY 321,,
PHR 1004,,PHY 321,,
PHR 1004,,PHY 321,,
PHR 1004,,MC 4061,,
PHR 1008,,MC 4059,,
PHR 1004,,PHY 313,,
PHR 1004,,PHY 313,,
PHR 1004,,PHY 313,,
PHR 1004,,PHY 309J,,
PHR 1008,,PHY 309J,,
PHR 1004,,MC 2038,,
PHR 3026,,RCH 207,,
PHR 3026,,PHY 235,,
PHR 3026,,PHY 235,,
PHR 1004,,PHY 309J,,
PHR 1004,,PHY 309J,,
AL 124,,EV3 4412,,
HH 334,,AL 211,,
STC 0010,,RCH 105,,
EV3 1408,,RCH 112,,
HH 334,,EV2 1002A,,
HH 334,,EV1 240,,
STC 0050,,EV1 240,,
PHY 235,,EV1 240,,
MC 4060,,EV3 1408,,
STC 3028,,EV2 1002A,,
STC 3018,,EV2 1002A,,
STC 3028,,EV2 1002A,,
STC 3018,,EV2 1002A,,
STC 3028,,EV3 3406,,
STC 3028,,EV2 2002,,
STC 3018,,ML 246,,
STC 3028,,EV3 3406,,
STC 3018,,EV1 240,,
STC 3028,,EV3 3412,,
B1 271,,EV1 240,,
QNC 2501,,EV1 240,,
QNC 2501,,EV3 1408,,
QNC 2501,,MC 2038,,
QNC 2501,,MC 1056,,
PHY 313,,MC 2034,,
MC 4059,,MC 4040,,
STC 0060,,MC 4040,,
PHY 318,,MC 4041,,
PHY 318,,MC 2034,,
PHY 318,,MC 4064,,
PHY 318,,MC 2038,,
PHY 318,,RCH 204,,
PHY 318,,HH 1101,,
PHY 318,,HH 119,,
PHY 318,,HH 119,,
PHY 318,,HH 119,,
PHY 318,,HH 119,,
PHY 318,,HH 119,,
PHY 318,,HH 119,,
PHY 318,,AL 208,,
PHY 318,,PAS 2086,,
PHY 318,,PAS 2086,,
PHY 318,,PAS 2086,,
PHY 318,,AL 105,,
PHY 318,,HH 124,,
PHY 318,,HH 124,,
PHY 318,,HH 124,,
PHY 318,,HH 124,,
PHY 318,,HH 334,,
PHY 318,,DWE 3518,,
PHY 318,,EV3 4408,,
PHY 318,,HH 259,,
MC 4064,,AL 210,,
MC 4064,,HH 124,,
MC 4064,,RCH 101,,
MC 4064,,HH 1101,,
MC 4064,,AL 113,,
MC 4064,,MC 1056,,
MC 4020,,REN 2106,,
DWE 3522,,RCH 301,,
DWE 3522,,EV3 1408,,
PHY 321,,HH 334,,
PHY 321,,PAS 2259,,
PHY 321,,PAS 2259,,
PHY 321,,PAS 4032,,
PHY 321,,PAS 4032,,
PHY 321,,HH 334,,
PHY 321,,QNC 1502,,
PHY 321,,BMH 1005,,
PHY 321,,MC 4063,,
PHY 321,,BMH 1016,,
PHY 321,,BMH 1016,,
PHY 321,,EV2 2002,,
PHY 321,,RCH 101,,
PHY 321,,REN 0403,,
PHY 321,,RCH 301,,
MC 4061,,RCH 110,,
MC 4059,,RCH 105,,
PHY 313,,RCH 105,,
PHY 313,,RCH 105,,
PHY 313,,RCH 105,,
PHY 309J,,RCH 110,,
PHY 309J,,MC 4020,,
MC 2038,,MC 4020,,
RCH 207,,AL 124,,
PHY 235,,EV3 1408,,
PHY 235,,PAS 2086,,
PHY 309J,,ML 246,,
PHY 309J,,RCH 209,,
EV3 4412,,EV1 350,,
AL 211,,ML 113,,
RCH 105,,ML 113,,
RCH 112,,ML 349,,
EV2 1002A,,ML 113,,
EV1 240,,ML 113,,
EV1 240,,HH 138,,
EV1 240,,HH 180,,
EV3 1408,,ML 117,,
EV2 1002A,,ML 117,,
EV2 1002A,,ML 117,,
EV2 1002A,,ML 117,,
EV2 1002A,,ML 117,,
EV3 3406,,ML 117,,
EV2 2002,,AHS 1689,,
ML 246,,MC 2054,,
EV3 3406,,STC 0040,,
EV1 240,,AHS 1689,,
EV3 3412,,MC 4045,,
EV1 240,,STC 0020,,
EV1 240,,M3 1006,,
EV3 1408,,M3 1006,,
MC 2038,,B1 271,,
MC 1056,,STC 1012,,
MC 2034,,STC 1012,,
MC 4040,,STC 0020,,
MC 4040,,MC 1085,,
MC 4041,,RCH 101,,
MC 2034,,M3 1006,,
MC 4064,,M3 1006,,
MC 2038,,MC 2065,,
RCH 204,,M3 1006,,
HH 1101,,MC 2065,,
HH 119,,STC 1012,,
HH 119,,STC 1012,,
HH 119,,HH 1104,,
HH 119,,RCH 204,,
HH 119,,MC 2034,,
HH 119,,STC 0040,,
AL 208,,STC 1012,,
PAS 2086,,STC 0050,,
PAS 2086,,AHS 1689,,
PAS 2086,,STC 0010,,
AL 105,,STC 0040,,
HH 124,,STC 1012,,
HH 124,,MC 2065,,
HH 124,,MC 2065,,
HH 124,,MC 2065,,
HH 334,,MC 2065,,
DWE 3518,,MC 2065,,
EV3 4408,,MC 2065,,
HH 259,,MC 1085,,
AL 210,,EIT 1015,,
HH 124,,AL 113,,
RCH 101,,RCH 112,,
HH 1101,,AL 116,,
AL 113,,DC 1351,,
,,RCH 309,,
,,RCH 305,,
,,STP 164,,
MC 1056,,REN 0403,,
REN 2106,,REN 0402,,
RCH 301,,REN 0402,,
EV3 1408,,REN 0403,,
HH 334,,REN 2106,,
PAS 2259,,REN 0402,,
PAS 2259,,REN 0403,,
,,REN 0403,,
,,E5 6008,,
,,E5 6008,,
,,E5 6008,,
PAS 4032,,E5 6008,,
PAS 4032,,E5 6008,,
HH 334,,E5 6008,,
QNC 1502,,E5 6008,,
BMH 1005,,E5 6008,,
MC 4063,,E5 6008,,
BMH 1016,,E5 6008,,
BMH 1016,,E5 6008,,
EV2 2002,,E5 6008,,
RCH 101,,E5 6008,,
,,E5 6005,,
,,E5 6005,,
,,E5 6005,,
,,E5 6005,,
,,E5 6004,,
,,E5 6004,,
,,E5 3102,,
,,E5 3102,,
,,DWE 2402,,
,,DWE 2402,,
,,E5 6006,,
,,E5 6006,,
,,E5 6006,,
,,E5 6006,,
,,E5 6006,,
,,E5 3101,,
,,E5 3101,,
,,E5 6006,,
,,DWE 2402,,
,,E5 6006,,
REN 0403,,E5 6006,,
,,E5 6006,,
,,E5 6006,,
,,E5 6006,,
,,E5 6006,,
,,E5 6006,,
,,E5 6006,,
,,E5 6006,,
,,E5 6006,,
,,EIT 3145,,
,,EIT 3145,,
,,EIT 3145,,
,,EIT 3145,,
,,EIT 3145,,
,,EIT 3145,,
,,EIT 3145,,
,,EIT 3145,,
,,EIT 3145,,
,,EIT 3145,,
,,EIT 3145,,
,,EIT 3145,,
,,EIT 3145,,
,,EIT 3145,,
,,EIT 3145,,
,,EIT 3145,,
,,EIT 3145,,
,,EIT 3145,,
,,EIT 3145,,
,,EIT 3145,,
,,EIT 3145,,
,,EIT 3145,,
,,EIT 3145,,
,,EIT 3145,,
,,EIT 3145,,
,,EIT 3145,,
,,EIT 3145,,
,,EIT 3145,,
,,EIT 3145,,
,,EIT 3145,,
,,EIT 3145,,
RCH 301,,EIT 3145,,
RCH 110,,EIT 3145,,
RCH 105,,EIT 3145,,
RCH 105,,DWE 3522,,
RCH 105,,HH 1106,,
RCH 105,,AL 124,,
RCH 110,,,,
MC 4020,,,,
MC 4020,,,,
AL 124,,,,
EV3 1408,,,,
PAS 2086,,,,
,,,,
,,,,
,,,,
,,,,
,,,,
,,,,
ML 246,,,,
RCH 209,,,,
,,,,
,,,,
,,,,
,,,,
,,,,
,,,,
,,,,
,,,,
,,,,
EV1 350,,,,
ML 113,,,,
ML 113,,,,
ML 349,,,,
ML 113,,,,
ML 113,,,,
HH 138,,,,
HH 180,,,,
ML 117,,,,
ML 117,,,,
ML 117,,,,
ML 117,,,,
ML 117,,,,
ML 117,,,,
AHS 1689,,,,
MC 2054,,,,
STC 0040,,,,
AHS 1689,,,,
MC 4045,,,,
STC 0020,,,,
,,,,
,,,,
,,,,
,,,,
M3 1006,,,,
M3 1006,,,,
B1 271,,,,
STC 1012,,,,
STC 1012,,,,
,,,,
,,,,
STC 0020,,,,
MC 1085,,,,
RCH 101,,,,
,,,,
M3 1006,,,,
M3 1006,,,,
MC 2065,,,,
M3 1006,,,,
MC 2065,,,,
STC 1012,,,,
STC 1012,,,,
HH 1104,,,,
RCH 204,,,,
MC 2034,,,,
STC 0040,,,,
STC 1012,,,,
STC 0050,,,,
AHS 1689,,,,
STC 0010,,,,
STC 0040,,,,
STC 1012,,,,
MC 2065,,,,
MC 2065,,,,
MC 2065,,,,
MC 2065,,,,
MC 2065,,,,
MC 2065,,,,
MC 1085,,,,
EIT 1015,,,,
AL 113,,,,
RCH 112,,,,
AL 116,,,,
DC 1351,,,,
RCH 309,,,,
RCH 305,,,,
STP 164,,,,
REN 0403,,,,
REN 0402,,,,
REN 0402,,,,
REN 0403,,,,
REN 2106,,,,
REN 0402,,,,
REN 0403,,,,
REN 0403,,,,
E5 6008,,,,
E5 6008,,,,
E5 6008,,,,
E5 6008,,,,
E5 6008,,,,
E5 6008,,,,
E5 6008,,,,
E5 6008,,,,
E5 6008,,,,
E5 6008,,,,
E5 6008,,,,
E5 6008,,,,
E5 6008,,,,
E5 6005,,,,
E5 6005,,,,
E5 6005,,,,
E5 6005,,,,
E5 6004,,,,
E5 6004,,,,
E5 3102,,,,
E5 3102,,,,
DWE 2402,,,,
DWE 2402,,,,
E5 6006,,,,
E5 6006,,,,
E5 6006,,,,
E5 6006,,,,
E5 6006,,,,
E5 3101,,,,
E5 3101,,,,
E5 6006,,,,
DWE 2402,,,,
E5 6006,,,,
E5 6006,,,,
E5 6006,,,,
E5 6006,,,,
E5 6006,,,,
E5 6006,,,,
E5 6006,,,,
E5 6006,,,,
E5 6006,,,,
E5 6006,,,,
EIT 3145,,,,
EIT 3145,,,,
EIT 3145,,,,
EIT 3145,,,,
EIT 3145,,,,
EIT 3145,,,,
EIT 3145,,,,
EIT 3145,,,,
EIT 3145,,,,
EIT 3145,,,,
EIT 3145,,,,
EIT 3145,,,,
EIT 3145,,,,
EIT 3145,,,,
EIT 3145,,,,
EIT 3145,,,,
EIT 3145,,,,
EIT 3145,,,,
EIT 3145,,,,
EIT 3145,,,,
EIT 3145,,,,
EIT 3145,,,,
EIT 3145,,,,
EIT 3145,,,,
EIT 3145,,,,
EIT 3145,,,,
EIT 3145,,,,
EIT 3145,,,,
EIT 3145,,,,
EIT 3145,,,,
EIT 3145,,,,
EIT 3145,,,,
EIT 3145,,,,
EIT 3145,,,,
DWE 3522,,,,
HH 1106,,,,
AL 124,,,,